Регион,Несовершеннолетними или при их соучастии 2016,Ранее совершавшими преступления 2016,В том числе ранее судимыми 2016,Группой лиц 2016,Группой лиц по предварительному сговору 2016,Организованной группой 2016,Преступным сообществом (преступной организацией) 2016,В состоянии алкогольного опьянения 2016,В состоянии наркотического опьянения 2016,В состоянии токсического опьянения 2016,Несовершеннолетними или при их соучастии 2017,Ранее совершавшими преступления 2017,В том числе ранее судимыми 2017,Группой лиц 2017,Группой лиц по предварительному сговору 2017,Организованной группой 2017,Преступным сообществом (преступной организацией) 2017,В состоянии алкогольного опьянения 2017,В состоянии наркотического опьянения 2017,В состоянии токсического опьянения 2017,Несовершеннолетними или при их соучастии 2018,Ранее совершавшими преступления 2018,В том числе ранее судимыми 2018,Группой лиц 2018,Группой лиц по предварительному сговору 2018,Организованной группой 2018,Преступным сообществом (преступной организацией) 2018,В состоянии алкогольного опьянения 2018,В состоянии наркотического опьянения 2018,В состоянии токсического опьянения 2018,Несовершеннолетними или при их соучастии 2019,Ранее совершавшими преступления 2019,В том числе ранее судимыми 2019,Группой лиц 2019,Группой лиц по предварительному сговору 2019,Организованной группой 2019,Преступным сообществом (преступной организацией) 2019,В состоянии алкогольного опьянения 2019,В состоянии наркотического опьянения 2019,В состоянии токсического опьянения 2019,Несовершеннолетними или при их соучастии 2020,Ранее совершавшими преступления 2020,В том числе ранее судимыми 2020,Группой лиц 2020,Группой лиц по предварительному сговору 2020,Организованной группой 2020,Преступным сообществом (преступной организацией) 2020,В состоянии алкогольного опьянения 2020,В состоянии наркотического опьянения 2020,В состоянии токсического опьянения 2020,Несовершеннолетними или при их соучастии 2021,Ранее совершавшими преступления 2021,В том числе ранее судимыми 2021,Группой лиц 2021,Группой лиц по предварительному сговору 2021,Организованной группой 2021,Преступным сообществом (преступной организацией) 2021,В состоянии алкогольного опьянения 2021,В состоянии наркотического опьянения 2021,В состоянии токсического опьянения 2021,"Членом семьи, супругом, сожителем, сексуальным партнером (в том числе бывшими) 2021",Из них в отношении женщин 2021,Из них в отношении несовершеннолетних 2021,Иностранными гражданами и лицами без гражданства 2021,Из них гражданами государств – участников СНГ 2021,Из них трудовых мигрантов 2021,Из них незаконных мигрантов 2021
Алтайский край,8406,133245,53371,461,9850,722,0,94531,1361,0,7070,117117,51382,286,8594,1038,35,80847,2217,8,6677,114561,52419,374,9340,242,235,73620,723,18,6147,109603,51665,330,7912,511,50,67081,343,6,5223,101331,47703,354,5737,608,16,62784,368,0,4802,100104,48483,408,5915,688,34,58144,353,0,24901,18612,7738,1864,1504,141,345
Амурская область,4758,47015,21339,262,4221,200,0,28904,509,19,4044,45463,20747,392,4542,132,0,25835,886,22,3392,43162,22251,144,3743,124,0,24527,812,15,3145,38854,19108,150,3293,197,0,20862,913,19,2568,37782,19634,336,2553,169,0,19859,756,7,1942,37598,19586,199,2045,283,6,19887,604,25,7484,4943,4313,562,431,52,51
Архангельская область,4589,45485,23882,437,7073,396,70,35128,245,35,4051,40000,20907,345,9089,323,16,30863,142,20,3854,39628,20813,545,6428,596,98,28354,217,17,3179,42352,22536,355,6295,142,0,26340,126,0,3471,41639,22586,268,5829,419,0,25788,217,7,2728,38384,21360,176,4860,611,0,21488,190,0,10245,6900,6102,337,251,69,5
Астраханская область,2445,36723,23727,623,5083,218,183,19644,2055,11,2022,32396,18488,264,4869,338,24,17289,1495,15,2388,34247,17697,332,5253,436,17,17101,793,0,1682,35004,18658,277,4958,618,88,17204,397,11,2143,35594,17650,313,4471,687,141,17280,498,18,2134,36032,15843,260,3979,657,8,15642,584,4,10552,8722,4388,1529,1379,66,1518
Белгородская область,1712,30170,16619,238,3676,1073,276,18718,100,0,1263,28809,15805,106,3559,496,412,16175,270,1,1252,29540,16941,270,3098,531,0,16162,327,19,1402,29039,17636,159,2677,422,9,15308,438,4,1049,30404,18477,113,3232,181,907,15331,372,0,1269,30228,19217,58,3166,1180,293,13922,561,0,5484,3724,2652,2123,921,668,178
Брянская область,2383,37640,19540,286,4076,824,234,27175,643,0,1951,32359,17896,178,3382,732,180,22723,397,0,1484,30780,17294,174,3816,656,165,20282,204,11,1664,30822,18852,129,3569,716,0,19583,106,10,1331,33384,19496,194,3774,1016,1,20767,131,18,1093,37498,23044,141,3320,1049,61,18915,108,1,8501,5949,3808,1995,1210,114,491
Владимирская область,4029,43501,25488,806,7303,940,31,32034,397,10,3161,41330,24521,391,6396,122,0,27313,630,3,2655,41818,24353,338,6202,70,0,25499,322,0,2360,36159,21449,169,4306,197,30,21246,228,9,2558,36273,22065,111,4000,281,9,19954,161,9,2002,34300,20328,140,3908,258,22,17824,130,0,6769,4677,3323,1832,1581,469,152
Волгоградская область,5953,77238,40279,675,10712,936,32,51456,561,15,4843,72644,37588,409,9707,921,82,44937,607,14,4029,69713,36618,361,9158,452,0,41195,747,36,4685,67895,35452,379,8244,768,43,40844,668,21,5245,73482,38519,435,9505,811,5,43246,677,9,3633,70484,36395,330,8596,637,155,39594,584,4,13341,8720,6228,2195,1454,105,135
Вологодская область,5421,62828,31004,726,8143,351,0,47975,1386,1,3425,50957,26336,282,6078,256,0,36664,1355,28,3205,46578,25829,189,6339,250,2,29618,907,11,3834,43320,23808,361,6036,211,8,26346,842,8,3158,40642,22745,276,5044,220,198,23016,492,0,2300,40440,22317,229,4065,295,327,20866,631,0,8535,5554,4605,749,608,79,31
Воронежская область,4234,57049,26926,193,7490,401,23,35686,3914,1,3942,56126,27851,194,7004,328,0,34730,3921,17,3809,56083,29759,295,7425,713,84,32444,1419,0,3686,52924,30550,215,6497,478,108,28399,881,9,3180,51482,29436,188,6570,945,180,27341,1328,0,2653,57323,34078,178,7461,371,210,26892,903,5,8204,5301,4911,2418,1459,97,89
Еврейская автономная область,631,6248,4193,91,517,101,0,4271,263,0,637,6902,3962,120,742,7,0,3749,72,0,571,6485,3387,53,464,23,0,3408,27,0,488,5760,2891,105,376,8,0,2733,12,12,399,6230,3502,19,341,12,0,3213,34,0,705,7053,3810,50,484,22,0,3856,26,0,2113,1416,1288,42,35,0,7
Забайкальский край,8536,69492,38083,710,9915,1531,289,51850,2300,7,7056,61788,33699,420,8790,1386,216,44087,2384,15,6726,58413,31605,448,7995,1126,0,42693,1986,7,5238,59045,33074,339,6892,1512,36,40508,995,21,4583,53715,30369,309,5091,486,133,40294,762,25,3666,55335,30997,244,4020,848,1,37622,477,16,14204,9735,6030,529,186,15,168
Ивановская область,2470,29579,15030,211,3934,798,30,19245,396,81,1859,26490,13045,132,3195,199,0,16489,407,3,1986,26759,14007,87,2773,106,0,16378,211,24,2502,24738,13370,149,2939,732,0,14586,172,10,1994,26436,14141,52,2958,791,31,15069,236,0,1326,25826,14652,65,2296,535,129,13676,45,0,7135,4876,2810,657,436,8,0
Иркутская область,10336,101483,50646,1159,10733,1009,95,69355,2653,31,9580,101935,51049,800,11838,1515,184,64230,2184,0,9268,99308,48712,625,9630,1246,174,66339,543,47,7858,96563,49284,605,8575,665,263,60122,609,40,7370,95433,49234,565,7774,1112,50,57289,652,0,6373,95463,48150,464,7271,1167,352,53307,833,3,18534,11796,8582,1433,1173,244,117
Кабардино-Балкарская Республика,973,16370,8382,85,1939,789,7,4521,288,0,1042,16166,9315,90,2600,672,19,3899,389,16,867,15803,8304,57,2197,278,55,3960,226,0,820,16014,8321,48,1755,297,48,4249,410,0,636,16270,9136,71,2467,261,41,3807,405,0,551,16947,9850,60,1877,165,57,4348,463,8,2801,1927,2030,489,399,2,0
Калининградская область,3205,28369,15229,176,2965,78,0,17004,1169,28,2362,27093,15358,138,2485,50,0,13215,354,0,3072,25774,13765,125,2557,88,0,14471,404,1,2301,27602,14178,77,2295,53,12,13068,326,0,1719,30222,16869,129,1878,188,16,13444,272,0,1521,26845,14812,56,1845,339,45,12908,143,0,5737,4247,2282,796,629,59,30
Калужская область,2440,28076,16664,357,6094,650,156,17960,867,0,2242,30775,19108,171,5630,1569,24,18722,685,15,2623,35386,18945,137,6249,2607,98,16696,796,32,2423,32913,19211,113,4862,5337,0,14178,217,0,3000,28732,16412,135,4102,4467,53,14446,191,8,2370,28464,19104,61,4526,5552,15,14774,375,0,5173,3438,2683,4189,3526,234,46
Камчатский край,1348,12696,7448,127,1614,138,36,8194,166,0,1086,12269,7042,107,1642,63,13,7645,176,7,1440,12881,6929,111,1415,76,31,7936,203,0,870,12803,7284,53,956,79,68,7569,174,2,925,12205,6616,95,923,186,31,7527,99,0,697,12269,6509,71,899,106,46,6645,204,0,2064,1381,1147,730,702,82,127
Карачаево-Черкесская Республика,704,9601,5060,63,1133,216,0,3327,523,12,330,9340,4924,34,1274,85,0,4050,865,7,534,10423,5110,28,2188,106,63,4596,1068,0,718,9344,5161,51,2101,87,0,3596,825,6,616,11157,6469,51,2239,246,287,4559,240,0,412,11052,5847,50,2200,350,27,5122,402,11,1542,1033,1034,357,320,16,5
Кемеровская область – Кузбасс,10772,153014,74200,913,10962,453,0,108335,2108,17,8550,144054,72920,626,9699,361,8,95493,1124,11,9753,139632,73280,728,9468,471,172,86828,822,19,8357,129791,70190,806,8060,423,37,75175,743,7,9527,129074,69444,625,8011,528,144,70084,871,10,6976,123886,69155,324,6990,845,145,62854,791,0,30405,21141,12618,867,621,32,37
Кировская область,3340,58889,30856,534,4472,246,49,48417,1125,50,2960,55806,29858,394,4530,161,5,41547,598,3,2903,51983,28991,624,4851,801,87,37014,494,9,2956,51374,28598,426,4512,423,577,34761,511,27,3020,48514,28898,272,3768,354,0,31298,313,16,2327,47560,28171,302,3715,397,91,27413,195,11,12520,8558,7197,311,196,44,3
Костромская область,1712,25662,13356,402,3626,609,0,15468,971,2,1393,22981,12220,123,4289,107,97,13157,550,4,1768,21453,11041,94,3299,120,86,13199,349,0,1034,19965,10657,63,3066,99,0,11161,240,12,797,20403,11139,78,2377,122,0,12018,186,0,831,19828,10565,79,2399,233,14,11328,164,0,5417,3724,2640,471,377,21,18
Краснодарский край,7490,136968,69777,884,18118,1215,98,54606,3961,18,6005,132601,68665,869,17292,1421,30,49756,1155,1,5823,124586,66095,565,16493,2392,174,46508,846,16,5598,120366,66370,722,17503,715,116,42147,505,1,5526,122946,68152,533,15959,1057,50,42825,670,14,5221,131483,72889,395,17133,2505,134,39346,765,43,24106,16683,12661,6079,3274,95,101
Красноярский край,12125,139118,64305,1331,16006,1250,2,89953,1796,10,8465,126402,61021,960,11807,1227,167,79794,1375,19,7641,112846,54912,627,10410,2446,0,66211,1017,16,7072,110845,54694,597,10625,2116,66,57510,824,17,6385,109342,54145,545,8866,1676,5,54648,929,5,6409,117735,58971,480,8444,1956,114,53789,834,38,22236,14734,12036,2795,2492,222,111
Курганская область,4424,57328,26856,400,4710,482,24,43526,2158,6,3422,49658,23712,232,4599,667,0,33579,2459,23,4235,46777,23799,130,4773,586,0,29049,1674,34,3144,45551,23712,278,4929,554,0,26542,233,18,2944,46542,21546,143,5369,1671,96,26341,1763,78,2320,39182,18215,94,4503,386,138,22472,64,0,15436,12163,7770,1296,1172,35,878
Курская область,2631,38429,20433,323,4473,147,118,23522,898,0,2076,33535,18141,144,4519,269,0,20828,745,0,1984,33339,19080,154,4397,343,0,18695,477,60,1710,32766,20620,103,4759,133,107,17499,391,0,1837,32794,20120,63,4730,356,630,16712,402,4,1053,32994,21318,61,3633,191,5,15759,358,0,6311,4241,3243,891,424,10,56
Ленинградская область,3075,34113,21670,539,6662,425,0,21187,1805,0,2321,31993,18348,609,5257,644,0,19576,685,9,2618,32655,19621,205,5313,1566,39,19580,672,3,2338,33318,17801,366,5636,641,97,18279,362,29,1903,30806,17090,320,4625,182,91,19073,484,5,1835,30176,15932,362,3628,1337,57,16394,770,6,6263,3727,3107,3299,2671,238,248
Липецкая область,2128,32797,13902,183,2699,412,0,19541,969,0,1674,32987,14384,116,2681,332,67,16476,586,0,1971,31007,14833,123,3168,296,73,15403,176,12,1697,29117,14768,50,2901,192,67,14139,168,0,1610,28296,13100,74,2686,159,140,13548,128,0,1602,32712,16765,101,3238,734,60,14000,229,13,7422,5144,3888,1042,708,186,24
Магаданская область,607,8022,3362,112,535,100,0,5766,206,5,880,7100,3410,175,550,8,0,5004,250,3,559,6276,3188,32,593,0,0,4495,240,0,524,6900,3158,67,402,106,0,4487,197,0,355,6204,3631,55,281,135,60,3947,120,0,589,5257,2775,4,395,69,3,2420,27,0,814,429,368,119,87,49,9
Московская область,6901,158863,107833,3491,23934,2324,224,82298,13636,61,5367,144361,97132,2476,20521,2521,308,74204,12853,14,4833,142656,96917,1694,22387,2712,144,73377,11174,1,4946,146193,103940,1732,21782,3701,238,66098,7716,3,4948,147369,102234,1669,22956,4048,163,64901,4763,0,4537,154012,109075,915,24987,4504,270,61508,4334,0,21028,14673,7886,35786,30974,2540,1529
Мурманская область,3260,33700,16890,218,1966,152,2,18896,343,11,1723,28675,14411,57,1617,132,12,15094,287,16,1774,25769,13077,91,1909,346,0,12620,172,0,1986,27380,14408,134,1994,72,0,12087,196,83,1478,25628,14780,84,1315,130,14,11593,81,11,1640,26687,15415,92,1687,224,78,10003,143,5,5424,3304,3163,754,585,210,34
Ненецкий автономный округ,268,1336,785,15,195,5,0,1556,9,0,222,1261,847,0,246,0,0,1638,38,0,266,2291,1302,24,277,0,0,1790,0,0,256,2024,1108,20,404,0,0,1403,0,0,117,1609,761,23,130,0,0,1432,1,0,87,1573,716,27,172,5,0,1241,0,0,366,235,72,129,129,40,0
Нижегородская область,6736,81821,46152,766,12903,631,108,59243,2368,17,4971,74692,43552,432,10328,910,47,50437,2457,7,4530,77279,46302,331,11554,1082,141,47186,750,21,4697,80819,47863,391,14369,887,0,45676,773,5,4886,82655,49044,268,14058,1832,69,45596,1309,1,3825,81805,48250,287,14544,2070,276,41899,1044,8,15773,11082,7460,3591,2998,92,32
Новгородская  область,2177,23710,15909,225,4775,424,0,16857,333,11,1838,21041,14508,249,3754,210,0,14979,302,9,1896,21711,14329,183,4083,21,0,13765,199,4,1892,18690,12623,142,3268,723,308,12002,118,11,2248,19931,13451,61,3986,520,288,12209,33,2,2018,18588,12101,149,3454,1834,54,9905,179,0,4250,2891,2720,529,419,10,93
Новосибирская область,10595,88573,51980,384,17585,1902,57,55204,3506,1,6873,88291,50505,308,12865,2156,339,49558,2437,0,7301,87012,54207,375,12987,2484,0,44674,1985,2,6240,84879,50615,263,11990,1394,160,38055,1319,64,6883,82875,49324,272,9879,2049,280,33364,1119,21,5723,74347,43609,420,10115,2943,47,31788,1102,0,12669,8348,6731,2772,2600,201,79
Омская область,3606,77606,40312,1049,9898,1795,0,36107,1909,49,2664,70763,37166,1015,8782,1202,8,30885,640,12,2697,71469,39250,536,8051,2319,18,33154,634,5,2179,66143,35075,373,6032,829,46,29122,513,15,1421,63801,35871,393,4774,703,0,29380,435,17,1442,61562,33724,163,4444,1372,8,25519,613,12,10996,7860,4732,1756,1465,46,406
Оренбургская область,4339,62272,35008,498,8003,1975,85,47519,1859,3,4495,63373,36990,480,9331,4359,613,42742,2077,0,3757,63433,38013,388,11808,4349,571,37130,2320,8,3619,63612,38689,258,12970,4135,1288,35873,1764,36,3189,66631,39723,387,12369,3877,100,35872,1015,0,2559,63428,37972,302,8442,1154,10,34159,862,22,13867,9723,6248,3270,2839,78,236
Орловская область,1397,17350,8773,281,2226,181,231,12259,911,0,1065,17630,8207,56,2220,254,54,10561,432,0,852,17442,9126,89,1743,59,0,9374,194,0,1141,18304,9665,82,2083,117,0,8449,200,0,704,15477,8283,91,2027,173,605,7953,161,0,482,14529,7457,46,1654,252,65,6620,154,0,3254,2187,1876,386,245,12,12
Пензенская область,1775,36146,18389,260,3881,280,35,26313,389,15,1236,33051,17095,125,3635,64,0,23251,427,16,1289,31784,16876,153,3460,94,4,23962,353,18,1515,33158,17375,136,3666,991,173,21831,372,13,1490,34369,18852,212,3663,290,80,21705,174,0,1098,34138,18784,131,3193,815,54,19173,163,1,8649,5983,4401,954,678,105,51
Пермский край,12002,119934,66623,1317,15154,1853,222,90868,2760,35,9173,105664,60573,561,12750,847,348,70873,1013,39,7374,98170,58842,665,11048,1444,103,62576,1091,20,8120,96983,57939,720,11547,3250,287,57450,988,12,6146,88267,54921,604,9886,2834,70,52211,896,9,4868,87336,54927,384,9732,2823,32,46163,1055,10,23072,15882,11259,1309,989,84,167
Приморский край,7685,84659,45474,875,7153,1126,11,50603,4797,13,5770,76630,40000,594,6096,731,79,39586,4824,0,4956,73419,39525,649,5139,478,0,35689,876,2,5241,66468,34586,414,4950,780,252,32294,859,12,4081,64779,34821,508,4223,492,51,31215,905,0,4545,69570,35978,410,4571,891,30,33366,663,14,13085,8207,6539,3303,2606,56,230
Псковская область,1753,20975,10764,191,3341,159,0,13643,384,3,1647,18052,9633,148,3571,326,0,11711,167,0,1293,18210,10408,48,2676,31,69,11828,283,0,2419,20312,11409,65,4667,108,1250,11750,151,0,1401,21174,11861,46,3700,1128,3092,11788,77,0,849,20412,12126,79,2209,6300,0,9430,57,0,4158,3005,1784,1278,912,37,92
Республика Адыгея,752,8836,3970,55,1269,244,9,5955,188,0,875,10143,5246,70,1190,31,24,5021,348,0,549,8695,4744,23,1261,82,0,4417,126,0,546,10115,4962,9,1230,438,0,4383,73,0,484,11027,4292,14,1222,230,0,3920,121,0,447,8639,4739,11,1622,235,13,3673,87,0,1846,1148,1212,421,242,0,10
Республика Алтай,1423,14889,5623,13,1085,16,1,12102,89,0,906,14516,6284,59,1131,50,30,10827,190,0,852,14505,6623,69,989,89,0,10205,8,0,880,14152,6119,62,895,0,0,9576,16,0,648,14976,7221,4,580,27,0,10236,8,0,583,15767,7199,9,593,49,0,9283,39,0,4913,3877,1433,231,193,8,0
Республика Башкортостан,8049,139284,78152,947,11542,761,354,124519,7207,3,6106,134400,75761,656,9228,946,0,114062,7435,26,6559,128953,72755,731,9339,603,214,97025,6045,23,7152,118782,69207,694,10706,1131,0,82718,1044,12,6351,113679,67917,524,8343,1161,105,76755,795,42,4396,120954,72744,479,7428,1260,30,72508,1024,0,29137,20918,11067,1273,996,75,161
Республика Бурятия,5794,69473,26273,397,6076,655,0,47621,3244,0,5013,56618,23158,291,4915,577,36,39864,3388,2,5341,56264,24309,307,4166,878,0,37519,2925,0,4051,51299,23087,352,3730,305,413,33498,1061,0,3718,47674,20801,174,2573,470,408,32430,660,0,3384,50088,23158,456,2435,909,251,33140,806,9,11601,8594,3752,402,293,52,42
Республика Дагестан,2362,25410,16413,236,5670,2973,25,6522,1797,16,1505,21932,12270,112,4672,2925,9,4642,1410,6,2009,27283,12693,186,5516,2629,60,4848,511,0,1751,29271,14106,137,4072,1033,54,5537,258,9,1192,29104,13718,262,3622,1111,73,4757,107,0,1253,31804,14231,63,3433,1468,57,4883,114,0,3807,2457,3196,762,637,70,37
Республика Ингушетия,41,1379,1336,32,620,96,9,1071,440,2,94,1397,1166,24,526,196,0,701,391,0,253,1517,1263,276,613,260,15,567,456,0,221,1716,1308,33,600,29,0,540,353,0,128,1842,1314,61,326,87,34,685,168,0,149,2489,1695,79,323,62,391,1211,154,0,232,166,110,302,272,0,0
Республика Калмыкия,389,7650,2937,87,490,51,0,4668,382,0,300,7464,3354,70,516,6,0,4689,299,8,377,8357,3931,93,438,8,0,4581,86,0,404,7983,3617,131,497,128,0,4627,94,0,447,8662,3839,149,410,143,10,4856,174,9,249,8654,3663,106,402,399,18,4556,74,6,1493,1168,428,165,94,0,7
Республика Карелия,3207,29453,12831,247,3415,257,0,21363,235,56,3954,25149,10857,245,3789,184,146,18041,189,2,2780,24206,12354,250,2957,176,0,15046,349,3,3496,26825,13694,147,3779,366,2,15170,280,1,2738,26861,14110,102,2742,341,232,15246,513,94,2338,27424,15491,63,2245,1736,12,13655,257,22,5414,3591,2729,381,245,29,20
Республика Коми,4991,51263,28003,857,4552,345,320,43229,669,5,3238,45232,26515,387,4144,587,158,33271,237,24,2354,41906,25701,436,2970,529,127,29044,233,0,3000,41255,24642,386,3233,417,111,27614,321,13,2634,41584,25877,320,2782,1189,238,27079,269,9,2071,40834,24766,275,2149,834,94,25494,247,1,9262,5964,4102,946,617,102,47
Республика Крым,3805,36746,27539,1296,6520,376,70,18808,1087,20,3177,41321,27694,232,5737,312,0,19832,1586,38,3231,40971,24390,243,5384,519,84,17965,786,19,2384,41029,24457,167,5493,553,40,17959,637,0,2707,43172,24407,127,5394,924,46,17788,579,1,2739,44414,24093,97,5550,1360,110,17215,453,0,8132,5580,4000,6959,1055,32,91
Республика Марий Эл,1990,16747,7375,102,2028,114,0,14704,614,0,1240,16206,7858,109,1795,631,0,11972,757,14,1243,16308,8159,80,1731,322,125,11625,368,0,1382,15939,8164,105,1989,411,75,10916,134,0,1113,14532,6926,21,1813,136,12,10545,61,0,848,14862,7907,43,1120,373,35,9240,109,8,4152,2696,2107,174,113,12,0
Республика Мордовия,1314,22511,12214,245,2285,192,0,15185,415,0,871,22428,11879,152,2197,178,7,13112,305,0,1083,22761,12838,176,2399,209,21,12873,617,0,898,21275,11667,163,1831,54,18,12056,726,0,869,22200,11865,115,1888,1508,406,12362,383,0,528,20343,10661,70,2631,896,20,10723,626,0,6304,4334,3498,258,220,10,0
Республика Саха,2757,27679,12279,702,3038,377,24,29962,519,6,2941,28594,13049,277,2859,326,48,28711,367,75,2641,25996,12478,291,2707,379,7,26497,225,10,2806,28099,13545,417,2368,1184,65,27139,294,0,2118,27751,13358,346,2002,830,24,25492,141,0,1558,30752,15653,229,2028,1074,60,25296,196,0,6931,4771,3346,1311,1087,341,47
Республика Северная Осетия – Алания,675,14246,7546,143,1530,63,64,5382,222,3,489,17531,10641,142,1734,345,0,6013,262,2,344,18553,12387,191,1198,547,0,6628,568,0,484,18449,12619,144,1600,343,21,3583,458,25,386,20432,13639,104,1333,345,5,2953,415,0,218,18297,12981,95,1509,311,49,2146,334,12,1198,791,869,872,474,0,25
Республика Татарстан,7662,104832,50530,971,15285,2618,408,69340,3840,13,5505,101591,53977,468,11528,1963,276,62752,3298,3,5025,92229,50535,415,9546,2089,222,57307,3128,1,5779,87924,49366,609,9031,1252,139,51306,2609,2,5793,98535,54352,404,9909,1055,35,54214,2915,0,4543,93496,52861,263,7417,3035,441,51901,2608,4,20535,15204,8152,3390,2455,239,215
Республика Тыва,1455,13176,6912,108,1762,77,0,14598,40,0,1671,15238,7356,151,1570,70,0,13706,146,0,2238,16608,7938,182,1480,35,0,14897,86,0,2126,17835,8741,128,1299,44,0,13139,104,0,1834,15950,8149,92,1077,48,2,13193,61,0,1269,17292,8908,110,922,373,0,13201,114,0,4060,2901,881,47,11,0,0
Республика Хакасия,1984,33808,16136,138,2584,26,30,23851,1052,4,1399,33910,16701,57,2458,85,16,22176,1580,1,1527,34940,18708,121,2577,85,6,19660,922,0,1239,31738,16276,49,2127,114,20,16815,799,11,1476,31008,16450,119,1592,165,92,17620,513,0,936,31560,17558,71,1280,223,55,15616,403,0,6987,4679,4089,295,242,9,69
Ростовская область,7540,119492,70340,1010,14894,1019,378,48416,4208,1,6294,118871,68034,658,14147,776,108,44744,5295,43,6457,124228,75796,473,14812,453,0,44239,1302,18,6889,114643,69612,456,15677,1239,102,39302,808,12,4963,108646,65131,435,15498,617,0,38444,595,11,4699,110151,64401,343,15033,839,322,34335,854,14,16325,10755,7663,4764,1501,59,425
Рязанская область,1850,27355,12967,173,3989,265,336,17688,364,20,765,23368,11977,138,2548,321,14,15490,225,4,1040,22061,12164,144,2962,252,6,13556,204,23,821,23537,12966,144,2980,195,20,12737,183,9,1004,24031,12629,108,3382,97,34,11665,221,0,632,23615,12539,98,2266,266,35,11166,165,14,4030,2987,1485,1368,960,153,27
Самарская область,5926,123571,70764,1076,9209,535,262,62296,6652,0,4978,109085,63946,270,9048,1684,552,51557,4116,0,4352,98516,58777,386,10235,1660,57,45713,3140,2,4994,96641,58257,229,13742,1417,1916,39218,1819,4,6230,98688,60755,266,19165,1102,154,36368,1714,27,4344,109927,69466,362,16286,1273,140,33641,1118,8,10730,7325,6129,5647,4540,440,553
Саратовская область,3818,57459,31830,447,7297,1456,58,42048,1055,28,3366,57861,29679,319,7729,1126,65,37830,1389,20,3429,61605,33246,401,9129,1038,100,37451,1080,18,2527,55973,30353,251,6321,762,239,34275,335,12,2613,57914,33845,250,6362,564,262,33761,594,0,2553,62661,35351,111,6339,1644,24,32112,691,1,13143,9467,7457,1840,1170,66,90
Сахалинская область,2021,22210,10778,128,2381,377,4,15102,349,0,1755,20038,10196,233,1953,294,0,13259,561,12,1428,18162,9381,153,2080,104,12,13124,400,44,1501,17483,8981,159,1637,76,5,11193,321,0,1643,19458,10297,155,2137,373,0,11746,380,5,1652,21143,10635,118,1634,219,27,12469,405,1,3857,2547,1745,952,767,92,28
Свердловская область,15467,142754,98140,1472,19969,1188,41,112821,5265,118,12129,131753,89127,968,19592,1338,24,90936,3913,95,13538,139643,87289,749,20461,2324,13,85796,1124,74,12129,135935,79324,765,18874,1781,2,81765,949,22,10358,135065,81383,538,16983,1544,14,77930,993,44,9133,134591,81922,412,16272,1608,73,74844,1265,13,30515,23411,11414,5136,4493,958,228
Смоленская область,1375,34481,18167,778,3498,181,56,22524,643,4,1576,28916,14273,326,4874,69,0,19114,524,20,1806,29481,15337,300,4138,97,59,18421,277,0,1662,27773,14722,220,4114,92,77,17068,230,14,1556,29628,16326,161,3562,329,71,15992,219,0,1196,29567,15923,115,3292,158,19,15484,142,24,7201,4761,2924,2384,1803,39,458
Ставропольский край,6123,65098,42032,1566,8079,1614,1075,31685,828,4,4414,59882,40130,1194,7120,2879,238,22810,933,0,5207,58982,36844,1228,7299,826,1880,21503,424,26,4054,61109,37253,742,6446,2017,340,19359,339,44,4011,69873,43320,772,6167,1493,846,20376,489,25,3386,68631,42246,707,5487,7135,466,18541,519,32,8771,5913,3918,1980,1126,100,56
Тамбовская область,1494,34524,16551,289,3135,439,120,19915,1383,0,999,31998,16215,232,2363,125,210,17548,994,11,1280,31871,16143,184,3121,239,100,16520,549,7,1250,33685,17333,170,3425,568,0,16687,473,0,1162,39773,21750,178,3496,269,593,18683,170,0,944,43676,24848,126,2685,766,36,16604,413,0,7651,5366,3712,879,497,41,11
Тверская область,3189,34862,18245,553,6924,512,113,28510,560,34,2235,30895,16883,452,5507,395,39,23265,427,6,2175,30229,16472,174,5582,467,21,21041,368,10,1829,29581,16452,217,4509,564,0,18600,209,9,2444,32278,18808,207,5405,245,1,20143,381,0,2042,30282,17304,118,4817,575,9,15765,501,11,9216,6012,5574,1760,1347,232,89
Томская область,4207,49929,25136,378,3054,183,0,27533,408,43,3336,51315,26482,249,3581,248,0,25013,445,2,3100,47824,26815,180,3664,240,36,22858,181,2,2927,44966,25243,275,2995,383,34,21531,248,14,2509,44191,23982,227,2803,109,19,21897,252,7,1085,45521,23091,155,2442,185,48,19043,121,70,11163,7232,6097,1117,921,131,248
Тульская область,2410,29735,17982,215,3984,290,84,19372,1405,17,1893,27797,16411,223,4036,660,0,16803,1075,31,2014,28606,18154,198,4018,449,10,16738,404,0,1682,26238,16921,234,4019,407,6,15364,297,5,1401,28660,18343,159,3771,1461,10,16194,250,0,1283,27954,18054,65,3946,458,210,13009,232,0,5828,3495,3868,1733,1233,136,105
Тюменская область,4544,58041,30264,381,6102,505,43,46797,4234,14,3909,53283,29127,265,4810,394,161,39040,5069,0,3452,54572,31242,304,4510,457,0,35683,3114,4,3196,54695,31370,280,4743,556,0,34885,2126,6,2850,53254,30108,339,4971,111,340,35274,1780,0,2799,50049,28304,170,4392,238,1089,29329,795,8,13353,9697,3835,2857,2517,157,295
Удмуртская Республика,4513,67951,35982,312,6143,668,0,50117,1372,0,3758,59096,32364,134,5925,250,132,41869,2094,5,3845,61708,34633,156,5290,860,342,42687,1674,31,3907,61446,33428,239,5352,795,140,40394,2084,0,3541,60831,33107,169,5222,1737,96,39752,1439,0,3207,66266,35586,79,4687,3235,468,38025,1581,4,17130,12945,6434,981,736,28,12
Ульяновская область,2577,34158,17805,329,2570,323,58,25577,1562,17,2143,32174,17328,161,2963,483,0,20621,1760,0,2190,33326,17348,116,2741,586,11,18789,1117,0,1621,31590,17780,119,1712,381,10,18635,767,0,1812,35418,19836,134,2181,775,17,19139,462,0,1818,32339,16822,127,2243,133,1120,16990,232,0,8146,6090,3329,680,384,0,8
Хабаровский край,7392,64512,34210,617,5684,979,105,36917,2076,20,5561,58125,28903,428,5414,721,14,31080,1144,12,4845,52544,25870,396,4783,584,0,27081,1265,5,4157,52387,25878,256,4244,643,0,27239,941,3,3486,50167,23416,301,4090,905,7,25823,726,25,3098,50900,23718,162,3405,722,69,22854,1356,1,10216,6511,5639,1213,1146,47,52
Ханты-Мансийский автономный округ - Югра,3154,51001,22073,155,5149,313,484,40181,3104,32,3147,45678,20477,129,5003,434,0,31753,2848,0,2396,41868,20720,197,4970,653,0,28016,2025,2,1910,35930,17453,147,3918,868,0,22524,1890,17,1708,39110,19790,95,3802,661,0,23581,1155,5,1081,38121,18611,153,3371,608,34,21739,482,0,8055,5637,2866,1729,1462,104,141
Челябинская область,12485,149443,74010,1320,17704,1433,28,101061,4251,60,10517,142479,72113,1006,22872,5518,101,85434,3078,56,12671,143820,74445,1006,24563,4785,838,81381,3773,26,11087,140233,71781,947,19939,5381,1020,74934,2486,35,11142,141152,76481,789,20400,4508,190,70721,2259,22,7550,143198,73338,773,21419,3966,374,68595,1233,5,32708,23779,13030,5858,5257,553,824
Чеченская Республика,126,3709,2127,91,1030,471,0,794,112,2,116,4594,2602,75,870,687,0,963,72,0,37,4759,2504,45,651,438,0,870,117,0,34,5470,2619,50,321,234,0,1104,31,0,49,5771,2648,28,235,248,0,1004,30,0,33,5716,2465,8,194,284,0,954,2,0,210,106,156,112,112,1,1
Чувашская Республика,2939,34520,16671,651,4363,485,75,28129,597,0,2255,31225,15358,236,4775,674,942,20444,1031,0,2246,31678,16278,248,3945,1767,1558,19957,2229,9,2402,30875,16038,207,4261,3734,45,17155,2100,3,2275,29813,16630,69,4147,2867,1093,16079,1331,0,1444,30215,17281,49,2800,2224,517,14538,442,3,9987,7173,4526,178,97,11,9
Чукотский автономный округ,128,1850,840,20,97,0,0,1807,10,0,92,2096,932,5,154,0,0,2090,24,0,111,2009,763,0,102,0,0,2088,29,0,126,1884,802,0,141,0,0,1940,0,0,108,2165,952,32,53,0,0,2008,0,0,31,2045,866,17,73,0,0,1483,5,0,560,322,236,22,6,0,0
Ямало-Ненецкий автономный округ,1580,16427,7772,209,1914,241,0,15841,703,0,804,13851,6860,191,2093,84,24,12156,572,0,910,14424,7758,64,1486,317,0,12608,400,0,766,13500,7578,86,1040,331,0,10276,301,0,347,14354,7466,44,1063,105,40,11223,255,7,458,13873,7303,46,1163,802,37,9356,280,1,2252,1485,778,702,614,2,22
Ярославская область,3106,36916,18882,148,6332,568,70,21366,1838,10,2486,35862,18583,124,5466,210,0,18905,2787,29,1754,31268,17216,132,4168,288,8,17167,1327,0,1711,30431,16325,114,5108,1219,11,15836,1375,7,2007,30717,16919,158,4130,530,0,16677,1001,3,2031,32324,19130,98,4220,477,8,14818,1014,12,6362,4045,3395,1011,718,54,9
г. Москва,4931,141192,91803,768,32123,26423,2333,55800,22400,17,3475,108410,68662,668,28014,24391,522,45736,6735,21,3888,114513,68276,931,32721,34656,2235,45589,9883,6,2854,111619,67756,648,31141,40576,1219,44669,7218,0,3129,114446,62063,740,28601,41412,1441,43302,6216,36,3220,106310,63961,655,27781,38593,1685,40871,5040,53,9974,6897,2875,48495,41997,35495,285
г. Санкт-Петербург,4562,74106,47414,937,8301,1904,264,20648,18265,20,3352,75900,46361,503,8062,1907,76,22425,22963,34,3804,76515,46425,474,9279,2030,680,22952,16461,7,2803,74844,44195,226,9682,2081,314,22426,3948,33,2547,67241,39750,298,9469,2635,155,19453,2728,4,2643,70884,42275,412,9709,8460,1288,18735,4378,11,13976,9552,7914,23844,21260,1227,570
г. Севастополь,531,10017,8121,20,1374,83,0,4428,361,7,361,7674,6689,55,846,93,164,3570,383,0,362,6481,4761,24,886,198,0,4154,209,0,472,5877,3852,42,968,198,0,3311,73,0,464,6906,3770,28,1129,105,0,4135,139,0,318,9900,5244,36,916,191,0,6379,352,0,1716,1283,604,1699,250,13,3
